Portfolio Name;Datum;Performance [%] (Intervall);Performance (Intervall);Performance [%] (kumuliert);Performance (kumuliert);Benchmark Performance [%] (Intervall);Währung
Muster FFPB Pro Dividende;21.10.2024;0;0;0;0;0;EUR
Muster FFPB Pro Dividende;22.10.2024;-0,0000267531;-26,75;-0,0000267531;-26,75;-0,004060125;EUR
Muster FFPB Pro Dividende;23.10.2024;-0,0002294425;-229,44;-0,0002561895;-256,19;-0,003445699;EUR
Muster FFPB Pro Dividende;24.10.2024;-0,0039597802;-3.958,77;-0,0042149552;-4.214,96;-0,001969511;EUR
Muster FFPB Pro Dividende;25.10.2024;-0,0034022063;-3.387,87;-0,0076028213;-7.602,82;-0,000214672;EUR
Muster FFPB Pro Dividende;26.10.2024;0;0;-0,0076028213;-7.602,82;0;EUR
Muster FFPB Pro Dividende;27.10.2024;0;0;-0,0076028213;-7.602,82;0;EUR
Muster FFPB Pro Dividende;28.10.2024;0,0053207790;5.280,33;-0,0023224952;-2.322,50;0,004390111;EUR
Muster FFPB Pro Dividende;29.10.2024;-0,0066895418;-6.674,01;-0,0089965006;-8.996,50;-0,005114119;EUR
Muster FFPB Pro Dividende;30.10.2024;-0,0051748003;-5.128,25;-0,0141247458;-14.124,75;-0,006017916;EUR
Muster FFPB Pro Dividende;31.10.2024;-0,0080744690;-7.960,42;-0,0220851650;-22.085,16;-0,006210115;EUR
Muster FFPB Pro Dividende;01.11.2024;0,0087093878;8.517,04;-0,0135681254;-13.568,13;0,006544068;EUR
Muster FFPB Pro Dividende;02.11.2024;0;0;-0,0135681254;-13.568,13;0;EUR
Muster FFPB Pro Dividende;03.11.2024;0;0;-0,0135681254;-13.568,13;0;EUR
Muster FFPB Pro Dividende;04.11.2024;-0,0048974684;-4.831,02;-0,0183991443;-18.399,14;0,000220661;EUR
Muster FFPB Pro Dividende;05.11.2024;0,0008190306;803,96;-0,0175951832;-17.595,18;0,000507344;EUR
Muster FFPB Pro Dividende;06.11.2024;0,0044932872;4.414,23;-0,0131809562;-13.180,96;0,002934120;EUR
Muster FFPB Pro Dividende;07.11.2024;-0,0053930801;-5.321,99;-0,0185029503;-18.502,95;-0,000320950;EUR
Muster FFPB Pro Dividende;08.11.2024;0,0019121874;1.876,81;-0,0166261441;-16.626,14;-0,000524791;EUR
Muster FFPB Pro Dividende;09.11.2024;0;0;-0,0166261441;-16.626,14;0;EUR
Muster FFPB Pro Dividende;10.11.2024;0;0;-0,0166261441;-16.626,14;0;EUR
Muster FFPB Pro Dividende;11.11.2024;0,0051634706;5.077,62;-0,0115485220;-11.548,52;0,005843739;EUR
Muster FFPB Pro Dividende;12.11.2024;-0,0145307438;-14.362,94;-0,0259114573;-25.911,46;-0,012353299;EUR
Muster FFPB Pro Dividende;13.11.2024;0,0035838222;3.490,96;-0,0224204971;-22.420,50;-0,001175274;EUR
Muster FFPB Pro Dividende;14.11.2024;0,0080154286;7.835,72;-0,0145847784;-14.584,78;0,007026201;EUR
Muster FFPB Pro Dividende;15.11.2024;0,0000432301;42,60;-0,0145421788;-14.542,18;0,002651498;EUR
Muster FFPB Pro Dividende;16.11.2024;0;0;-0,0145421788;-14.542,18;0;EUR
Muster FFPB Pro Dividende;17.11.2024;0;0;-0,0145421788;-14.542,18;0;EUR
Muster FFPB Pro Dividende;18.11.2024;0,0026364404;2.598,10;-0,0119440781;-11.944,08;0,003608914;EUR
Muster FFPB Pro Dividende;19.11.2024;-0,0067872885;-6.706,22;-0,0186502987;-18.650,30;-0,005154031;EUR
Muster FFPB Pro Dividende;20.11.2024;0,0019684500;1.931,74;-0,0167185609;-16.718,56;-0,001333762;EUR
Muster FFPB Pro Dividende;21.11.2024;0,0102576442;10.086,15;-0,0066324097;-6.632,41;0,007403990;EUR
Muster FFPB Pro Dividende;22.11.2024;0,0100139962;9.947,58;0,0033151696;3.315,17;0,005342426;EUR
Muster FFPB Pro Dividende;23.11.2024;0;0;0,0033151696;3.315,17;0;EUR
Muster FFPB Pro Dividende;24.11.2024;0;0;0,0033151696;3.315,17;0;EUR
Muster FFPB Pro Dividende;25.11.2024;0,0002475453;248,37;0,0035635355;3.563,54;0,001064506;EUR
Muster FFPB Pro Dividende;26.11.2024;-0,0013065563;-1.311,21;0,0022523233;2.252,32;-0,005971677;EUR
Muster FFPB Pro Dividende;27.11.2024;-0,0025637957;-2.569,57;-0,0003172469;-317,25;-0,004482161;EUR
Muster FFPB Pro Dividende;28.11.2024;0,0044154510;4.414,05;0,0040968034;4.096,80;0,002802248;EUR
Muster FFPB Pro Dividende;29.11.2024;0,0006822093;685,00;0,0047818076;4.781,81;0,002257484;EUR
Muster FFPB Pro Dividende;30.11.2024;0;0;0,0047818076;4.781,81;0;EUR
Muster FFPB Pro Dividende;01.12.2024;0;0;0,0047818076;4.781,81;0;EUR
Muster FFPB Pro Dividende;02.12.2024;0,0051571275;5.181,79;0,0099635955;9.963,60;0,002622735;EUR
Muster FFPB Pro Dividende;03.12.2024;0,0031179001;3.148,97;0,0131125611;13.112,56;0,001686147;EUR
Muster FFPB Pro Dividende;04.12.2024;-0,0025208563;-2.553,91;0,0105586499;10.558,65;0,000098832;EUR
Muster FFPB Pro Dividende;05.12.2024;0,0060182129;6.081,76;0,0166404070;16.640,41;0,005460441;EUR
Muster FFPB Pro Dividende;06.12.2024;-0,0011472534;-1.166,34;0,0154740629;15.474,06;-0,000118548;EUR
Muster FFPB Pro Dividende;07.12.2024;0,0000009748;0,99;0,0154750527;15.475,05;0;EUR
Muster FFPB Pro Dividende;08.12.2024;0,0000009748;0,99;0,0154760426;15.476,04;0;EUR
Muster FFPB Pro Dividende;09.12.2024;-0,0062795135;-6.376,70;0,0090993470;9.099,35;0,001097444;EUR
Muster FFPB Pro Dividende;10.12.2024;-0,0027870162;-2.812,38;0,0062869709;6.286,97;-0,002870630;EUR
Muster FFPB Pro Dividende;11.12.2024;-0,0011097693;-1.116,75;0,0051702245;5.170,22;0,000372253;EUR
Muster FFPB Pro Dividende;12.12.2024;0,0000273082;27,45;0,0051976739;5.197,67;-0,002828912;EUR
Muster FFPB Pro Dividende;13.12.2024;0,0015355931;1.543,57;0,0067412485;6.741,25;-0,001490200;EUR
Muster FFPB Pro Dividende;14.12.2024;0,0000009832;0,99;0,0067422384;6.742,24;0;EUR
Muster FFPB Pro Dividende;15.12.2024;0,0000009832;0,99;0,0067432282;6.743,23;0;EUR
Muster FFPB Pro Dividende;16.12.2024;-0,0041151767;-4.142,93;0,0026003019;2.600,30;-0,007082336;EUR
Muster FFPB Pro Dividende;17.12.2024;-0,0028579504;-2.865,38;-0,0002650800;-265,08;-0,005308401;EUR
Muster FFPB Pro Dividende;18.12.2024;-0,0049817214;-4.980,40;-0,0052454808;-5.245,48;0,000060647;EUR
Muster FFPB Pro Dividende;19.12.2024;-0,0072767296;-7.238,56;-0,0124840405;-12.484,04;-0,008904269;EUR
Muster FFPB Pro Dividende;20.12.2024;-0,0037625456;-3.715,57;-0,0161996143;-16.199,61;-0,003093738;EUR
Muster FFPB Pro Dividende;21.12.2024;0,0000017110;1,68;-0,0161979310;-16.197,93;0;EUR
Muster FFPB Pro Dividende;22.12.2024;0,0000017110;1,68;-0,0161962478;-16.196,25;0;EUR
Muster FFPB Pro Dividende;23.12.2024;0,0041387899;4.071,76;-0,0121244907;-12.124,49;0,002761757;EUR
Muster FFPB Pro Dividende;24.12.2024;0,0029981144;2.961,76;-0,0091627269;-9.162,73;0,002910835;EUR
Muster FFPB Pro Dividende;25.12.2024;-0,0002679145;-265,46;-0,0094281866;-9.428,19;0;EUR
Muster FFPB Pro Dividende;26.12.2024;-0,0006464718;-640,38;-0,0100685633;-10.068,56;-0,000405723;EUR
Muster FFPB Pro Dividende;27.12.2024;0,0020089883;1.988,76;-0,0080798026;-8.079,80;0,006593330;EUR
Muster FFPB Pro Dividende;28.12.2024;0,0000016970;1,68;-0,0080781193;-8.078,12;0;EUR
Muster FFPB Pro Dividende;29.12.2024;0,0000016970;1,68;-0,0080764361;-8.076,44;0;EUR
Muster FFPB Pro Dividende;30.12.2024;-0,0024728950;-2.452,92;-0,0105293589;-10.529,36;-0,001716505;EUR
Muster FFPB Pro Dividende;31.12.2024;0,0038403334;3.799,90;-0,0067294618;-6.729,46;0,003323751;EUR
Muster FFPB Pro Dividende;01.01.2025;-0,0001519576;-150,94;-0,0068803968;-6.880,40;0;EUR
Muster FFPB Pro Dividende;02.01.2025;0,0072983664;7.248,15;0,0003677539;367,75;0,008021581;EUR
Muster FFPB Pro Dividende;03.01.2025;0,0016852234;1.685,84;0,0020535970;2.053,60;-0,002735380;EUR
Muster FFPB Pro Dividende;04.01.2025;0,0000016844;1,69;0,0020552849;2.055,28;0;EUR
Muster FFPB Pro Dividende;05.01.2025;0,0000016844;1,69;0,0020569728;2.056,97;0;EUR
Muster FFPB Pro Dividende;06.01.2025;-0,0026582322;-2.663,70;-0,0006067273;-606,73;0,003219224;EUR
Muster FFPB Pro Dividende;07.01.2025;0,0070424690;7.038,20;0,0064314688;6.431,47;0,004508158;EUR
Muster FFPB Pro Dividende;08.01.2025;0,0016268470;1.637,31;0,0080687787;8.068,78;-0,002871017;EUR
Muster FFPB Pro Dividende;09.01.2025;0,0020937242;2.110,62;0,0101793967;10.179,40;0,001850776;EUR
Muster FFPB Pro Dividende;10.01.2025;-0,0094697656;-9.566,16;0,0006132346;613,23;-0,005814120;EUR
Muster FFPB Pro Dividende;11.01.2025;0,0000016868;1,69;0,0006149224;614,92;0;EUR
Muster FFPB Pro Dividende;12.01.2025;0,0000016868;1,69;0,0006166103;616,61;0;EUR
Muster FFPB Pro Dividende;13.01.2025;0,0014743180;1.475,23;0,0020918374;2.091,84;0,001923264;EUR
Muster FFPB Pro Dividende;14.01.2025;0,0033869955;3.394,08;0,0054859179;5.485,92;0,003336338;EUR
Muster FFPB Pro Dividende;15.01.2025;0,0080508381;8.095,00;0,0135809222;13.580,92;0,013416868;EUR
Muster FFPB Pro Dividende;16.01.2025;0,0062066226;6.290,91;0,0198718365;19.871,84;0,004374954;EUR
Muster FFPB Pro Dividende;17.01.2025;0,0073763221;7.522,90;0,0273947396;27.394,74;0,006797536;EUR
Muster FFPB Pro Dividende;18.01.2025;0,0000016429;1,69;0,0273964275;27.396,43;0;EUR
Muster FFPB Pro Dividende;19.01.2025;0,0000016429;1,69;0,0273981154;27.398,12;0;EUR
Muster FFPB Pro Dividende;20.01.2025;-0,0063255258;-6.498,83;0,0208992821;20.899,28;-0,001667459;EUR
Muster FFPB Pro Dividende;21.01.2025;0,0021995731;2.245,54;0,0231448247;23.144,82;0,002741876;EUR
Muster FFPB Pro Dividende;22.01.2025;0,0010425417;1.066,67;0,0242114958;24.211,50;-0,002642343;EUR
Muster FFPB Pro Dividende;23.01.2025;0,0047543618;4.869,47;0,0290809678;29.080,97;0,004944513;EUR
Muster FFPB Pro Dividende;24.01.2025;-0,0060066852;-6.181,37;0,0228996024;22.899,60;-0,001855085;EUR
Muster FFPB Pro Dividende;25.01.2025;0,0000016501;1,69;0,0229012903;22.901,29;0;EUR
Muster FFPB Pro Dividende;26.01.2025;0,0000016501;1,69;0,0229029782;22.902,98;0;EUR
Muster FFPB Pro Dividende;27.01.2025;0,0146615588;14.997,35;0,0379003303;37.900,33;0,007212645;EUR
Muster FFPB Pro Dividende;28.01.2025;0,0023521158;2.441,26;0,0403415921;40.341,59;0,002849939;EUR
Muster FFPB Pro Dividende;29.01.2025;0,0050977107;5.303,36;0,0456449526;45.644,95;0,003724694;EUR
Muster FFPB Pro Dividende;30.01.2025;0,0113737801;11.892,94;0,0575378883;57.537,89;0,006738777;EUR
Muster FFPB Pro Dividende;31.01.2025;0,0012017577;1.270,90;0,0588087926;58.808,79;-0,001802536;EUR
Muster FFPB Pro Dividende;01.02.2025;0,0000015941;1,69;0,0588104805;58.810,48;0;EUR
Muster FFPB Pro Dividende;02.02.2025;0,0000015941;1,69;0,0588121683;58.812,17;0;EUR
Muster FFPB Pro Dividende;03.02.2025;-0,0020066059;-2.124,62;0,0566875495;56.687,55;-0,009353105;EUR
Muster FFPB Pro Dividende;04.02.2025;0,0026542840;2.804,75;0,0594922983;59.492,30;0,003158331;EUR
Muster FFPB Pro Dividende;05.02.2025;0,0044094482;4.671,78;0,0641640748;64.164,07;0,001400916;EUR
Muster FFPB Pro Dividende;06.02.2025;0,0059994212;6.384,37;0,0705484433;70.548,44;0,007418081;EUR
Muster FFPB Pro Dividende;07.02.2025;0,0023548650;2.521,00;0,0730694404;73.069,44;0,001004428;EUR
Muster FFPB Pro Dividende;08.02.2025;0,0000013108;1,41;0,0730708469;73.070,85;0;EUR
Muster FFPB Pro Dividende;09.02.2025;0,0000013108;1,41;0,0730722535;73.072,25;0;EUR
Muster FFPB Pro Dividende;10.02.2025;0,0041004643;4.400,09;0,0774723480;77.472,35;0,003123345;EUR
Muster FFPB Pro Dividende;11.02.2025;0,0066868203;7.204,86;0,0846772119;84.677,21;0,001223596;EUR
Muster FFPB Pro Dividende;12.02.2025;-0,0024587371;-2.666,94;0,0820102758;82.010,28;0,001785845;EUR
Muster FFPB Pro Dividende;13.02.2025;0,0066993501;7.248,77;0,0892590414;89.259,04;0,004103162;EUR
Muster FFPB Pro Dividende;14.02.2025;-0,0079790045;-8.691,20;0,0805678387;80.567,84;-0,000892760;EUR
Muster FFPB Pro Dividende;15.02.2025;0,0000013017;1,41;0,0805692452;80.569,25;0;EUR
Muster FFPB Pro Dividende;16.02.2025;0,0000013017;1,41;0,0805706518;80.570,65;0;EUR
Muster FFPB Pro Dividende;17.02.2025;0,0065976763;7.129,26;0,0876999071;87.699,91;0,003866109;EUR
Muster FFPB Pro Dividende;18.02.2025;0,0077926123;8.476,02;0,0961759308;96.175,93;0,008032459;EUR
Muster FFPB Pro Dividende;19.02.2025;-0,0043314985;-4.748,08;0,0914278465;91.427,85;-0,003379624;EUR
Muster FFPB Pro Dividende;20.02.2025;-0,0048174590;-5.257,91;0,0861699376;86.169,94;-0,004469303;EUR
Muster FFPB Pro Dividende;21.02.2025;0,0052320011;5.682,84;0,0918527799;91.852,78;0,003850983;EUR
Muster FFPB Pro Dividende;22.02.2025;0,0000012882;1,41;0,0918541864;91.854,19;0;EUR
Muster FFPB Pro Dividende;23.02.2025;0,0000012882;1,41;0,0918555930;91.855,59;0;EUR
Muster FFPB Pro Dividende;24.02.2025;0,0021124281;2.306,47;0,0941620594;94.162,06;0,002514890;EUR
Muster FFPB Pro Dividende;25.02.2025;0,0048603305;5.317,99;0,0994800487;99.480,05;0,004706909;EUR
Muster FFPB Pro Dividende;26.02.2025;0,0067220462;7.390,76;0,1068708044;106.870,80;0,009812089;EUR
Muster FFPB Pro Dividende;27.02.2025;0,0020706337;2.291,92;0,1091627283;109.162,73;-0,000625214;EUR
Muster FFPB Pro Dividende;28.02.2025;0,0061283747;6.797,36;0,1159600931;115.960,09;0,001202106;EUR
Muster FFPB Pro Dividende;01.03.2025;0,0000012604;1,41;0,1159614997;115.961,50;0;EUR
Muster FFPB Pro Dividende;02.03.2025;0,0000012604;1,41;0,1159629062;115.962,91;0;EUR
Muster FFPB Pro Dividende;03.03.2025;0,0055381113;6.180,33;0,1221432330;122.143,23;0,001863570;EUR
Muster FFPB Pro Dividende;04.03.2025;-0,0238084360;-26.716,48;0,0954267576;95.426,76;-0,019536989;EUR
Muster FFPB Pro Dividende;05.03.2025;0,0017493179;1.916,25;0,0973430072;97.343,01;0,006526568;EUR
Muster FFPB Pro Dividende;06.03.2025;0,0016276944;1.786,14;0,0991291464;99.129,15;0,011088067;EUR
Muster FFPB Pro Dividende;07.03.2025;0,0064558299;7.095,79;0,1062249371;106.224,94;0,000177813;EUR
Muster FFPB Pro Dividende;08.03.2025;0,0000012715;1,41;0,1062263437;106.226,34;0;EUR
Muster FFPB Pro Dividende;09.03.2025;0,0000012715;1,41;0,1062277503;106.227,75;0;EUR
Muster FFPB Pro Dividende;10.03.2025;-0,0063720067;-7.048,89;0,0991788596;99.178,86;-0,004950050;EUR
Muster FFPB Pro Dividende;11.03.2025;-0,0212831495;-23.393,99;0,0757848716;75.784,87;-0,013073746;EUR
Muster FFPB Pro Dividende;12.03.2025;0,0045394246;4.883,44;0,0806683159;80.668,32;0,003969531;EUR
Muster FFPB Pro Dividende;13.03.2025;0,0013943694;1.506,85;0,0821751667;82.175,17;-0,001859171;EUR
Muster FFPB Pro Dividende;14.03.2025;0,0064488810;6.978,82;0,0891539856;89.153,99;0,008084648;EUR
Muster FFPB Pro Dividende;15.03.2025;0,0000012914;1,41;0,0891553922;89.155,39;0;EUR
Muster FFPB Pro Dividende;16.03.2025;0,0000012914;1,41;0,0891567988;89.156,80;0;EUR
Muster FFPB Pro Dividende;17.03.2025;0,0079363595;8.643,94;0,0978007387;97.800,74;0,008280772;EUR
Muster FFPB Pro Dividende;18.03.2025;0,0023200143;2.546,91;0,1003476521;100.347,65;0,007202309;EUR
Muster FFPB Pro Dividende;19.03.2025;0,0044282065;4.872,57;0,1052202188;105.220,22;0,003123457;EUR
Muster FFPB Pro Dividende;20.03.2025;-0,0034662386;-3.830,96;0,1013892618;101.389,26;-0,003267067;EUR
Muster FFPB Pro Dividende;21.03.2025;-0,0023568347;-2.595,79;0,0987934694;98.793,47;-0,001539148;EUR
Muster FFPB Pro Dividende;22.03.2025;0,0000012801;1,41;0,0987948760;98.794,88;0;EUR
Muster FFPB Pro Dividende;23.03.2025;0,0000012801;1,41;0,0987962825;98.796,28;0;EUR
Muster FFPB Pro Dividende;24.03.2025;0,0009002414;989,18;0,0997854644;99.785,46;0,000938952;EUR
Muster FFPB Pro Dividende;25.03.2025;0,0056617719;6.226,73;0,1060121988;106.012,20;0,006238753;EUR
Muster FFPB Pro Dividende;26.03.2025;0,0035493030;3.925,57;0,1099377712;109.937,77;0,002054985;EUR
Muster FFPB Pro Dividende;27.03.2025;-0,0023271040;-2.582,94;0,1073548305;107.354,83;-0,004499941;EUR
Muster FFPB Pro Dividende;28.03.2025;-0,0055457967;-6.141,16;0,1012136658;101.213,67;-0,007814921;EUR
Muster FFPB Pro Dividende;29.03.2025;0,0000012562;1,38;0,1012150492;101.215,05;0;EUR
Muster FFPB Pro Dividende;30.03.2025;0,0000012562;1,38;0,1012164326;101.216,43;0;EUR
Muster FFPB Pro Dividende;31.03.2025;-0,0030298907;-3.336,57;0,0978798671;97.879,87;-0,007737874;EUR
Muster FFPB Pro Dividende;01.04.2025;0,0032477406;3.565,63;0,1014454961;101.445,50;0,006931575;EUR
Muster FFPB Pro Dividende;02.04.2025;-0,0022072529;-2.431,17;0,0990143274;99.014,33;-0,002371506;EUR
Muster FFPB Pro Dividende;03.04.2025;-0,0251291439;-27.617,29;0,0713970382;71.397,04;-0,027795221;EUR
Muster FFPB Pro Dividende;04.04.2025;-0,0590270339;-63.241,39;0,0081556490;8.155,65;-0,045613017;EUR
Muster FFPB Pro Dividende;05.04.2025;0,0000012350;1,25;0,0081568940;8.156,89;0;EUR
Muster FFPB Pro Dividende;06.04.2025;0,0000012350;1,25;0,0081581390;8.158,14;0;EUR
Muster FFPB Pro Dividende;07.04.2025;-0,0303489142;-30.596,50;-0,0224383658;-22.438,37;-0,038114117;EUR
Muster FFPB Pro Dividende;08.04.2025;0,0109796567;10.733,29;-0,0117050747;-11.705,07;0,009468533;EUR
Muster FFPB Pro Dividende;09.04.2025;-0,0045811790;-4.527,56;-0,0162326307;-16.232,63;-0,005334904;EUR
Muster FFPB Pro Dividende;10.04.2025;0,0076226838;7.498,95;-0,0087336832;-8.733,68;0,013618391;EUR
Muster FFPB Pro Dividende;11.04.2025;-0,0029752394;-2.949,25;-0,0116829378;-11.682,94;0,001113851;EUR
Muster FFPB Pro Dividende;12.04.2025;0,0000012598;1,25;-0,0116816927;-11.681,69;0;EUR
Muster FFPB Pro Dividende;13.04.2025;0,0000012598;1,25;-0,0116804477;-11.680,45;0;EUR
Muster FFPB Pro Dividende;14.04.2025;0,0217041828;21.450,67;0,0097702205;9.770,22;0,021564330;EUR
Muster FFPB Pro Dividende;15.04.2025;0,0117900123;11.905,20;0,0216754238;21.675,42;0,013873860;EUR
Muster FFPB Pro Dividende;16.04.2025;-0,0025666209;-2.622,25;0,0190531704;19.053,17;-0,003750655;EUR
Muster FFPB Pro Dividende;17.04.2025;0,0057157605;5.824,66;0,0248778343;24.877,83;0,003920090;EUR
Muster FFPB Pro Dividende;18.04.2025;-0,0006363721;-652,20;0,0242256306;24.225,63;0;EUR
Muster FFPB Pro Dividende;19.04.2025;0,0000012156;1,25;0,0242268756;24.226,88;0;EUR
Muster FFPB Pro Dividende;20.04.2025;0,0000012156;1,25;0,0242281207;24.228,12;0;EUR
Muster FFPB Pro Dividende;21.04.2025;-0,0081322462;-8.329,28;0,0158988454;15.898,85;-0,007018400;EUR
Muster FFPB Pro Dividende;22.04.2025;0,0138387621;14.058,78;0,0299576279;29.957,63;0,016273665;EUR
Muster FFPB Pro Dividende;23.04.2025;0,0135006711;13.905,12;0,0438627471;43.862,75;0,014599844;EUR
Muster FFPB Pro Dividende;24.04.2025;-0,0029605585;-3.090,42;0,0407723304;40.772,33;0,001522962;EUR
Muster FFPB Pro Dividende;25.04.2025;0,0061066668;6.355,65;0,0471279803;47.127,98;0,004635105;EUR
Muster FFPB Pro Dividende;26.04.2025;0,0000011890;1,25;0,0471292253;47.129,23;0;EUR
Muster FFPB Pro Dividende;27.04.2025;0,0000011890;1,25;0,0471304704;47.130,47;0;EUR
Muster FFPB Pro Dividende;28.04.2025;0,0046551589;4.874,56;0,0520050291;52.005,03;0,003863797;EUR
Muster FFPB Pro Dividende;29.04.2025;0,0049424071;5.199,44;0,0572044662;57.204,47;0,007054588;EUR
Muster FFPB Pro Dividende;30.04.2025;0,0066545816;7.035,25;0,0642397196;64.239,72;0,002746011;EUR
Muster FFPB Pro Dividende;01.05.2025;-0,0037239492;-3.963,17;0,0602765450;60.276,54;-0,001484519;EUR
Muster FFPB Pro Dividende;02.05.2025;0,0109669217;11.627,97;0,0719045148;71.904,51;0,012589249;EUR
Muster FFPB Pro Dividende;03.05.2025;0,0000010325;1,11;0,0719056215;71.905,62;0;EUR
Muster FFPB Pro Dividende;04.05.2025;0,0000010325;1,11;0,0719067282;71.906,73;0;EUR
Muster FFPB Pro Dividende;05.05.2025;0,0049413207;5.296,63;0,0772033631;77.203,36;0,001081570;EUR
Muster FFPB Pro Dividende;06.05.2025;-0,0043626204;-4.699,43;0,0725039337;72.503,93;-0,002369986;EUR
Muster FFPB Pro Dividende;07.05.2025;0,0045787598;4.910,74;0,0774146716;77.414,67;0,004858488;EUR
Muster FFPB Pro Dividende;08.05.2025;-0,0030509288;-3.287,12;0,0741275561;74.127,56;0,003877050;EUR
Muster FFPB Pro Dividende;09.05.2025;0,0006271228;673,61;0,0748011660;74.801,17;0,004328094;EUR
Muster FFPB Pro Dividende;10.05.2025;0,0000010297;1,11;0,0748022727;74.802,27;0;EUR
Muster FFPB Pro Dividende;11.05.2025;0,0000010297;1,11;0,0748033794;74.803,38;0;EUR
Muster FFPB Pro Dividende;12.05.2025;0,0077662364;8.347,18;0,0831505565;83.150,56;0,014169156;EUR
Muster FFPB Pro Dividende;13.05.2025;-0,0080777968;-8.749,47;0,0744010864;74.401,09;-0,002646890;EUR
Muster FFPB Pro Dividende;14.05.2025;-0,0015656119;-1.682,10;0,0727189912;72.718,99;0,004462221;EUR
Muster FFPB Pro Dividende;15.05.2025;0,0130263548;13.973,62;0,0866926094;86.692,61;0,005672006;EUR
Muster FFPB Pro Dividende;16.05.2025;0,0056433163;6.132,55;0,0928251595;92.825,16;0,004709908;EUR
Muster FFPB Pro Dividende;17.05.2025;0,0000010127;1,11;0,0928262662;92.826,27;0;EUR
Muster FFPB Pro Dividende;18.05.2025;0,0000010127;1,11;0,0928273729;92.827,37;0;EUR
Muster FFPB Pro Dividende;19.05.2025;-0,0019612177;-2.143,27;0,0906841005;90.684,10;0,000790449;EUR
Muster FFPB Pro Dividende;20.05.2025;0,0043779719;4.774,98;0,0954590848;95.459,08;0,005402638;EUR
Muster FFPB Pro Dividende;21.05.2025;-0,0072785063;-7.973,31;0,0874857790;87.485,78;-0,003286989;EUR
Muster FFPB Pro Dividende;22.05.2025;-0,0024586969;-2.673,80;0,0848119811;84.811,98;-0,002082366;EUR
Muster FFPB Pro Dividende;23.05.2025;-0,0088377554;-9.587,30;0,0752246781;75.224,68;-0,009439849;EUR
Muster FFPB Pro Dividende;24.05.2025;0,0000010293;1,11;0,0752257848;75.225,78;0;EUR
Muster FFPB Pro Dividende;25.05.2025;0,0000010293;1,11;0,0752268915;75.226,89;0;EUR
Muster FFPB Pro Dividende;26.05.2025;0,0059659674;6.414,77;0,0816416601;81.641,66;0,005563945;EUR
Muster FFPB Pro Dividende;27.05.2025;0,0048224907;5.216,21;0,0868578670;86.857,87;0,004590468;EUR
Muster FFPB Pro Dividende;28.05.2025;-0,0064961022;-7.060,34;0,0797975271;79.797,53;-0,002364411;EUR
Muster FFPB Pro Dividende;29.05.2025;-0,0035610091;-3.845,17;0,0759523583;75.952,36;-0,001066679;EUR
Muster FFPB Pro Dividende;30.05.2025;0,0041291324;4.442,75;0,0803951080;80.395,11;0,001527100;EUR
Muster FFPB Pro Dividende;31.05.2025;0,0000010243;1,11;0,0803962147;80.396,21;0;EUR
Muster FFPB Pro Dividende;01.06.2025;0,0000010243;1,11;0,0803973214;80.397,32;0;EUR
Muster FFPB Pro Dividende;02.06.2025;-0,0008506187;-919,01;0,0794783152;79.478,32;-0,002077521;EUR
Muster FFPB Pro Dividende;03.06.2025;0,0014276664;1.541,13;0,0810194502;81.019,45;0,003227286;EUR
Muster FFPB Pro Dividende;04.06.2025;-0,0004236012;-457,92;0,0805615291;80.561,53;-0,001849803;EUR
Muster FFPB Pro Dividende;05.06.2025;-0,0007208059;-778,88;0,0797826539;79.782,65;0,000964033;EUR
Muster FFPB Pro Dividende;06.06.2025;0,0074571012;8.052,05;0,0878347024;87.834,70;0,003745863;EUR
Muster FFPB Pro Dividende;07.06.2025;0,0000010173;1,11;0,0878358091;87.835,81;0;EUR
Muster FFPB Pro Dividende;08.06.2025;0,0000010173;1,11;0,0878369158;87.836,92;0;EUR
Muster FFPB Pro Dividende;09.06.2025;-0,0033649438;-3.660,51;0,0841764058;84.176,41;0,000414085;EUR
Muster FFPB Pro Dividende;10.06.2025;-0,0025360744;-2.749,55;0,0814268537;81.426,85;-0,001338747;EUR
Muster FFPB Pro Dividende;11.06.2025;-0,0042542612;-4.600,67;0,0768261814;76.826,18;-0,002935397;EUR
Muster FFPB Pro Dividende;12.06.2025;-0,0051761279;-5.573,79;0,0712523914;71.252,39;-0,002035995;EUR
Muster FFPB Pro Dividende;13.06.2025;-0,0071604769;-7.670,68;0,0635817134;63.581,71;-0,006640843;EUR
Muster FFPB Pro Dividende;14.06.2025;0,0000017040;1,81;0,0635835257;63.583,53;0;EUR
Muster FFPB Pro Dividende;15.06.2025;0,0000017040;1,81;0,0635853381;63.585,34;0;EUR
Muster FFPB Pro Dividende;16.06.2025;0,0036140269;3.843,83;0,0674291641;67.429,16;0,004945138;EUR
Muster FFPB Pro Dividende;17.06.2025;-0,0086514355;-9.234,79;0,0581943696;58.194,37;-0,003693136;EUR
Muster FFPB Pro Dividende;18.06.2025;-0,0018132545;-1.918,78;0,0562755939;56.275,59;0,000201519;EUR
Muster FFPB Pro Dividende;19.06.2025;-0,0042009777;-4.437,39;0,0518382037;51.838,20;-0,007633024;EUR
Muster FFPB Pro Dividende;20.06.2025;0,0038862334;4.087,69;0,0559258925;55.925,89;0,004234337;EUR
Muster FFPB Pro Dividende;21.06.2025;0,0000017164;1,81;0,0559277049;55.927,70;0;EUR
Muster FFPB Pro Dividende;22.06.2025;0,0000017164;1,81;0,0559295172;55.929,52;0;EUR
Muster FFPB Pro Dividende;23.06.2025;-0,0007580515;-800,45;0,0551290683;55.129,07;-0,005256199;EUR
Muster FFPB Pro Dividende;24.06.2025;0,0122879318;12.965,35;0,0680944224;68.094,42;0,010133619;EUR
Muster FFPB Pro Dividende;25.06.2025;-0,0076050963;-8.122,96;0,0599714615;59.971,46;-0,007102581;EUR
Muster FFPB Pro Dividende;26.06.2025;0,0002177677;230,83;0,0602022890;60.202,29;0,003947803;EUR
Muster FFPB Pro Dividende;27.06.2025;0,0066984719;7.101,74;0,0673040243;67.304,02;0,008407333;EUR
Muster FFPB Pro Dividende;28.06.2025;0,0000016981;1,81;0,0673058367;67.305,84;0;EUR
Muster FFPB Pro Dividende;29.06.2025;0,0000016981;1,81;0,0673076490;67.307,65;0;EUR
Muster FFPB Pro Dividende;30.06.2025;-0,0018149582;-1.937,12;0,0653705303;65.370,53;-0,002385402;EUR
Muster FFPB Pro Dividende;01.07.2025;0,0001648468;175,62;0,0655461531;65.546,15;0,002084610;EUR
Muster FFPB Pro Dividende;02.07.2025;-0,0016565582;-1.765,14;0,0637810139;63.781,01;0,005024310;EUR
Muster FFPB Pro Dividende;03.07.2025;0,0060126263;6.396,12;0,0701771316;70.177,13;0,006572010;EUR
Muster FFPB Pro Dividende;04.07.2025;-0,0028026939;-2.999,38;0,0671777526;67.177,75;-0,003362757;EUR
Muster FFPB Pro Dividende;05.07.2025;0,0000011374;1,21;0,0671789664;67.178,97;0;EUR
Muster FFPB Pro Dividende;06.07.2025;0,0000011374;1,21;0,0671801802;67.180,18;0;EUR
Muster FFPB Pro Dividende;07.07.2025;0,0038360124;4.093,72;0,0712738966;71.273,90;0,000400733;EUR
Muster FFPB Pro Dividende;08.07.2025;-0,0024762125;-2.652,70;0,0686211947;68.621,19;-0,001193243;EUR
Muster FFPB Pro Dividende;09.07.2025;0,0096500222;10.312,22;0,0789334129;78.933,41;0,008174856;EUR
Muster FFPB Pro Dividende;10.07.2025;0,0026511576;2.860,42;0,0817938354;81.793,84;0,004188391;EUR
Muster FFPB Pro Dividende;11.07.2025;-0,0095914793;-10.376,00;0,0714178322;71.417,83;-0,003444221;EUR
Muster FFPB Pro Dividende;12.07.2025;0,0000011329;1,21;0,0714190460;71.419,05;0;EUR
Muster FFPB Pro Dividende;13.07.2025;0,0000011329;1,21;0,0714202598;71.420,26;0;EUR
Muster FFPB Pro Dividende;14.07.2025;0,0014368479;1.539,47;0,0729597278;72.959,73;-0,001268652;EUR
Muster FFPB Pro Dividende;15.07.2025;-0,0082989682;-8.904,46;0,0640552691;64.055,27;-0,002761913;EUR
Muster FFPB Pro Dividende;16.07.2025;0,0035970769;3.827,49;0,0678827577;67.882,76;-0,003706294;EUR
Muster FFPB Pro Dividende;17.07.2025;0,0073503071;7.849,27;0,0757320240;75.732,02;0,006698636;EUR
Muster FFPB Pro Dividende;18.07.2025;-0,0004580058;-492,69;0,0752393325;75.239,33;0,001349604;EUR
Muster FFPB Pro Dividende;19.07.2025;0,0000011289;1,21;0,0752405463;75.240,55;0;EUR
Muster FFPB Pro Dividende;20.07.2025;0,0000011289;1,21;0,0752417601;75.241,76;0;EUR
Muster FFPB Pro Dividende;21.07.2025;-0,0023067244;-2.480,29;0,0727614736;72.761,47;-0,002036749;EUR
Muster FFPB Pro Dividende;22.07.2025;-0,0066264065;-7.108,55;0,0656529200;65.652,92;-0,001157951;EUR
Muster FFPB Pro Dividende;23.07.2025;0,0100159538;10.673,53;0,0763264503;76.326,45;0,010741224;EUR
Muster FFPB Pro Dividende;24.07.2025;0,0005997399;645,52;0,0769719663;76.971,97;0,005511830;EUR
Muster FFPB Pro Dividende;25.07.2025;-0,0019432243;-2.092,80;0,0748791682;74.879,17;-0,003033494;EUR
Muster FFPB Pro Dividende;26.07.2025;0,0000011292;1,21;0,0748803820;74.880,38;0;EUR
Muster FFPB Pro Dividende;27.07.2025;0,0000011292;1,21;0,0748815958;74.881,60;0;EUR
Muster FFPB Pro Dividende;28.07.2025;0,0000894805;96,18;0,0749777767;74.977,78;0,000823782;EUR
Muster FFPB Pro Dividende;29.07.2025;0,0111018412;11.934,23;0,0869120093;86.912,01;0,004003860;EUR
Muster FFPB Pro Dividende;30.07.2025;0,0055145467;5.993,83;0,0929058364;92.905,84;0,003584508;EUR
Muster FFPB Pro Dividende;31.07.2025;-0,0060417963;-6.603,11;0,0863027219;86.302,72;-0,007887272;EUR
Muster FFPB Pro Dividende;01.08.2025;-0,0212173962;-23.048,52;0,0632542067;63.254,21;-0,018792305;EUR
Muster FFPB Pro Dividende;02.08.2025;0,0000011416;1,21;0,0632554205;63.255,42;0;EUR
Muster FFPB Pro Dividende;03.08.2025;0,0000011416;1,21;0,0632566343;63.256,63;0;EUR
Muster FFPB Pro Dividende;04.08.2025;0,0112831567;11.996,89;0,0752535255;75.253,53;0,009154896;EUR
Muster FFPB Pro Dividende;05.08.2025;0,0013751058;1.478,59;0,0767321129;76.732,11;0,003620338;EUR
Muster FFPB Pro Dividende;06.08.2025;0,0014889786;1.603,23;0,0783353439;78.335,34;0,000374719;EUR
Muster FFPB Pro Dividende;07.08.2025;0,0064163176;6.918,94;0,0852542860;85.254,29;0,009470761;EUR
Muster FFPB Pro Dividende;08.08.2025;-0,0009764067;-1.059,65;0,0841946365;84.194,64;0,007207648;EUR
Muster FFPB Pro Dividende;09.08.2025;0,0000011195;1,21;0,0841958503;84.195,85;0;EUR
Muster FFPB Pro Dividende;10.08.2025;0,0000011195;1,21;0,0841970640;84.197,06;0;EUR
Muster FFPB Pro Dividende;11.08.2025;0,0012192030;1.321,86;0,0855189204;85.518,92;0,001621045;EUR
Muster FFPB Pro Dividende;12.08.2025;0,0025394110;2.734,49;0,0882570452;88.253,41;0,002636837;EUR
Muster FFPB Pro Dividende;13.08.2025;0,0027234882;2.940,15;0,0912010425;91.193,56;0,006192688;EUR
Muster FFPB Pro Dividende;14.08.2025;0,0077009004;8.336,18;0,0995419296;99.529,73;0,005339768;EUR
Muster FFPB Pro Dividende;15.08.2025;0,0010697575;1.166,92;0,1007130331;100.696,66;0,000598125;EUR
Muster FFPB Pro Dividende;16.08.2025;0,0000007296;0,80;0,1007138299;100.697,45;0;EUR
Muster FFPB Pro Dividende;17.08.2025;0,0000007296;0,80;0,1007146267;100.698,25;0;EUR
Muster FFPB Pro Dividende;18.08.2025;-0,0015659672;-1.710,03;0,0990082473;98.988,22;-0,002330452;EUR
Muster FFPB Pro Dividende;19.08.2025;0,0071999794;7.850,05;0,1068640936;106.838,27;0,006563828;EUR
Muster FFPB Pro Dividende;20.08.2025;0,0044513828;4.888,23;0,1117578662;111.726,50;0,003742320;EUR
Muster FFPB Pro Dividende;21.08.2025;0,0018470773;2.037,38;0,1138002096;113.763,88;0,001173971;EUR
Muster FFPB Pro Dividende;22.08.2025;-0,0021939148;-2.424,42;0,1113792830;111.339,46;0,002968088;EUR
Muster FFPB Pro Dividende;23.08.2025;0,0000007225;0,80;0,1113800800;111.340,26;0;EUR
Muster FFPB Pro Dividende;24.08.2025;0,0000007225;0,80;0,1113808769;111.341,05;0;EUR
Muster FFPB Pro Dividende;25.08.2025;-0,0051461682;-5.674,38;0,1057084810;105.666,68;-0,003024163;EUR
Muster FFPB Pro Dividende;26.08.2025;-0,0043041953;-4.721,56;0,1009888506;100.945,12;-0,010038269;EUR
Muster FFPB Pro Dividende;27.08.2025;-0,0014756896;-1.611,81;0,0993800400;99.333,30;-0,003412728;EUR
Muster FFPB Pro Dividende;28.08.2025;-0,0034645518;-3.778,56;0,0956032365;95.554,75;-0,002167708;EUR
Muster FFPB Pro Dividende;29.08.2025;-0,0023577049;-2.562,48;0,0930428583;92.992,27;-0,002146359;EUR
Muster FFPB Pro Dividende;30.08.2025;0,0000007347;0,80;0,0930436554;92.993,06;0;EUR
Muster FFPB Pro Dividende;31.08.2025;0,0000007347;0,80;0,0930444525;92.993,86;0;EUR
Muster FFPB Pro Dividende;01.09.2025;0,0002626620;284,80;0,0933327954;93.278,66;-0,000451528;EUR
Muster FFPB Pro Dividende;02.09.2025;-0,0066857844;-7.251,26;0,0860804228;86.027,40;-0,006976951;EUR
Muster FFPB Pro Dividende;03.09.2025;-0,0019036303;-2.050,83;0,0840313202;83.976,57;-0,001547383;EUR
Muster FFPB Pro Dividende;04.09.2025;0,0099491090;10.698,04;0,0947396853;94.674,61;0,006026598;EUR
Muster FFPB Pro Dividende;05.09.2025;-0,0076949240;-8.356,49;0,0863804743;86.318,12;-0,003479685;EUR
Muster FFPB Pro Dividende;06.09.2025;0,0000007393;0,80;0,0863812716;86.318,92;0;EUR
Muster FFPB Pro Dividende;07.09.2025;0,0000007393;0,80;0,0863820688;86.319,72;0;EUR
Muster FFPB Pro Dividende;08.09.2025;-0,0003714305;-400,26;0,0859845036;85.919,45;0,000288306;EUR
Muster FFPB Pro Dividende;09.09.2025;0,0046705511;5.031,21;0,0910226536;90.950,66;0,004409962;EUR
Muster FFPB Pro Dividende;10.09.2025;-0,0015431802;-1.670,11;0,0893542724;89.280,56;0,001717798;EUR
Muster FFPB Pro Dividende;11.09.2025;0,0064142872;6.931,15;0,0962944066;96.211,71;0,003873335;EUR
Muster FFPB Pro Dividende;12.09.2025;-0,0016914344;-1.839,45;0,0944565388;94.372,25;0,000401814;EUR
Muster FFPB Pro Dividende;13.09.2025;0,0000007461;0,81;0,0944573495;94.373,06;0;EUR
Muster FFPB Pro Dividende;14.09.2025;0,0000007461;0,81;0,0944581602;94.373,87;0;EUR
Muster FFPB Pro Dividende;15.09.2025;0,0004356040;472,92;0,0949346634;94.846,80;0,000155355;EUR
Muster FFPB Pro Dividende;16.09.2025;-0,0124907815;-13.566,82;0,0813579556;81.279,98;-0,010291603;EUR
Muster FFPB Pro Dividende;17.09.2025;0,0034598518;3.710,97;0,0850752653;84.990,94;0,001985423;EUR
Muster FFPB Pro Dividende;18.09.2025;0,0012559383;1.351,76;0,0864311637;86.342,70;0,000833459;EUR
Muster FFPB Pro Dividende;19.09.2025;0,0034372167;3.704,09;0,0901419485;90.046,79;0,001561646;EUR
Muster FFPB Pro Dividende;20.09.2025;0,0000007491;0,81;0,0901427594;90.047,60;0;EUR
Muster FFPB Pro Dividende;21.09.2025;0,0000007491;0,81;0,0901435702;90.048,41;0;EUR
Muster FFPB Pro Dividende;22.09.2025;-0,0013461072;-1.455,61;0,0886892490;88.592,80;-0,003573743;EUR
Muster FFPB Pro Dividende;23.09.2025;0,0022109210;2.387,56;0,0910822861;90.980,36;0,003297760;EUR
Muster FFPB Pro Dividende;24.09.2025;-0,0013644789;-1.476,75;0,0896066931;89.503,61;0,002051493;EUR
Muster FFPB Pro Dividende;25.09.2025;0,0024963120;2.698,02;0,0923106947;92.201,63;-0,000584306;EUR
Muster FFPB Pro Dividende;26.09.2025;0,0109481361;11.862,32;0,1041902641;104.063,95;0,006736598;EUR
Muster FFPB Pro Dividende;27.09.2025;0,0000007651;0,84;0,1041911032;104.064,79;0;EUR
Muster FFPB Pro Dividende;28.09.2025;0,0000007651;0,84;0,1041919423;104.065,63;0;EUR
Muster FFPB Pro Dividende;29.09.2025;0,0010495407;1.149,63;0,1053461920;105.215,26;0,000637760;EUR
Muster FFPB Pro Dividende;30.09.2025;0,0047149033;5.169,96;0,1105259436;110.385,23;0,002772037;EUR
Muster FFPB Pro Dividende;01.10.2025;0,0072663692;8.005,25;0,1185449692;118.390,48;0,005181936;EUR
Muster FFPB Pro Dividende;02.10.2025;-0,0003838867;-426,00;0,1181219455;117.964,48;-0,000583297;EUR
Muster FFPB Pro Dividende;03.10.2025;0,0014174270;1.572,30;0,1196998919;119.536,78;0,002398510;EUR
Muster FFPB Pro Dividende;04.10.2025;0,0000007792;0,87;0,1197007586;119.537,65;0;EUR
Muster FFPB Pro Dividende;05.10.2025;0,0000007792;0,87;0,1197016253;119.538,51;0;EUR
Muster FFPB Pro Dividende;06.10.2025;0,0011711639;1.300,97;0,1210079308;120.839,49;-0,001394485;EUR
Muster FFPB Pro Dividende;07.10.2025;0,0030346606;3.374,97;0,1243912280;124.214,45;-0,000129945;EUR
Muster FFPB Pro Dividende;08.10.2025;0,0037976243;4.236,30;0,1286372825;128.450,76;0,001373927;EUR
Muster FFPB Pro Dividende;09.10.2025;0,0006325235;708,27;0,1293502917;129.159,03;0,001846006;EUR
Muster FFPB Pro Dividende;10.10.2025;-0,0091322311;-10.232,29;0,1191062397;118.926,74;-0,010845863;EUR
Muster FFPB Pro Dividende;11.10.2025;0,0000007796;0,87;0,1191071065;118.927,60;0;EUR
Muster FFPB Pro Dividende;12.10.2025;0,0000007796;0,87;0,1191079733;118.928,47;0;EUR
Muster FFPB Pro Dividende;13.10.2025;0,0045952745;5.101,80;0,1242209876;124.030,27;0,004623472;EUR
Muster FFPB Pro Dividende;14.10.2025;0,0005038780;561,99;0,1247873399;124.592,26;-0,000293918;EUR
Muster FFPB Pro Dividende;15.10.2025;-0,0021183749;-2.363,88;0,1224231655;122.228,38;0,001477432;EUR
Muster FFPB Pro Dividende;16.10.2025;-0,0017646314;-1.964,97;0,1204583914;120.263,42;0,000330700;EUR
Muster FFPB Pro Dividende;17.10.2025;-0,0054639873;-6.073,57;0,1143781087;114.189,85;-0,005081222;EUR
Muster FFPB Pro Dividende;18.10.2025;0,0000007829;0,87;0,1143789757;114.190,71;0;EUR
Muster FFPB Pro Dividende;19.10.2025;0,0000007829;0,87;0,1143798426;114.191,58;0;EUR
Muster FFPB Pro Dividende;20.10.2025;0,0064316051;7.110,09;0,1215049520;121.301,66;0,005821227;EUR
Muster FFPB Pro Dividende;21.10.2025;0,0011510757;1.280,69;0,1227910985;122.582,35;0,001308021;EUR
Muster FFPB Pro Dividende;22.10.2025;0,0021567775;2.402,40;0,1252009367;124.984,75;-0,001079208;EUR
Muster FFPB Pro Dividende;23.10.2025;-0,0033954116;-3.790,25;0,1214073591;121.194,50;0,000268504;EUR
Muster FFPB Pro Dividende;24.10.2025;0,0051008701;5.674,69;0,1270953658;126.869,19;0,000119773;EUR
Muster FFPB Pro Dividende;25.10.2025;0,0000008504;0,95;0,1270963183;126.870,14;0;EUR
Muster FFPB Pro Dividende;26.10.2025;0,0000008504;0,95;0,1270972708;126.871,10;0;EUR
Muster FFPB Pro Dividende;27.10.2025;0,0033179323;3.710,02;0,1308173231;130.581,11;0,003579302;EUR
Muster FFPB Pro Dividende;28.10.2025;-0,0009747564;-1.093,56;0,1297251525;129.487,55;0,000231484;EUR
Muster FFPB Pro Dividende;29.10.2025;-0,0039928544;-4.475,14;0,1252450271;125.012,41;0,001261007;EUR
Muster FFPB Pro Dividende;30.10.2025;0,0039534683;4.413,31;0,1296698619;129.425,71;-0,000261337;EUR
Muster FFPB Pro Dividende;31.10.2025;-0,0080452482;-9.016,52;0,1206393999;120.409,20;-0,002214288;EUR
Muster FFPB Pro Dividende;01.11.2025;0,0000008553;0,95;0,1206403525;120.410,15;0;EUR
Muster FFPB Pro Dividende;02.11.2025;0,0000008553;0,95;0,1206413052;120.411,10;0;EUR
Muster FFPB Pro Dividende;03.11.2025;-0,0028537257;-3.172,52;0,1174656818;117.238,58;0,002364253;EUR
Muster FFPB Pro Dividende;04.11.2025;0,0027525443;3.051,30;0,1205259092;120.289,88;-0,001860819;EUR
Muster FFPB Pro Dividende;05.11.2025;0,0053830261;5.983,72;0,1265245096;126.273,60;0,003536117;EUR
Muster FFPB Pro Dividende;06.11.2025;-0,0011728307;-1.310,72;0,1252142674;124.962,88;-0,001309875;EUR
Muster FFPB Pro Dividende;07.11.2025;-0,0023403486;-2.612,44;0,1225995681;122.350,43;-0,001718987;EUR
Muster FFPB Pro Dividende;08.11.2025;0,0000008838;0,98;0,1226005543;122.351,42;0;EUR
Muster FFPB Pro Dividende;09.11.2025;0,0000008838;0,98;0,1226015405;122.352,40;0;EUR
Muster FFPB Pro Dividende;10.11.2025;0,0126649563;14.104,36;0,1367379418;136.456,76;0,010437881;EUR
Muster FFPB Pro Dividende;11.11.2025;0,0115709293;13.049,19;0,1498176384;149.505,95;0,006522663;EUR
Muster FFPB Pro Dividende;12.11.2025;0,0085397138;9.742,16;0,1595839264;159.248,11;0,009023248;EUR
Muster FFPB Pro Dividende;13.11.2025;-0,0078437756;-9.024,64;0,1505438337;150.223,47;-0,002843024;EUR
Muster FFPB Pro Dividende;14.11.2025;-0,0076266549;-8.706,01;0,1418226095;141.517,46;-0,006597197;EUR
Muster FFPB Pro Dividende;15.11.2025;0,0000008688;0,98;0,1418235959;141.518,45;0;EUR
Muster FFPB Pro Dividende;16.11.2025;0,0000008688;0,98;0,1418245822;141.519,43;0;EUR
Muster FFPB Pro Dividende;17.11.2025;-0,0079806714;-9.040,66;0,1327675404;132.478,77;-0,006089714;EUR
Muster FFPB Pro Dividende;18.11.2025;-0,0081404805;-9.148,10;0,1236023771;123.330,67;-0,013828404;EUR
Muster FFPB Pro Dividende;19.11.2025;-0,0020836028;-2.322,45;0,1212776153;121.008,22;-0,000402473;EUR
Muster FFPB Pro Dividende;20.11.2025;0,0014595910;1.623,52;0,1229075647;122.631,74;0,002946946;EUR
Muster FFPB Pro Dividende;21.11.2025;0,0069130010;7.700,61;0,1306284724;130.332,35;0,002018919;EUR
Muster FFPB Pro Dividende;22.11.2025;0,0000008905;1,00;0,1306294736;130.333,35;0;EUR
Muster FFPB Pro Dividende;23.11.2025;0,0000008905;1,00;0,1306304747;130.334,35;0;EUR
Muster FFPB Pro Dividende;24.11.2025;-0,0010759325;-1.206,80;0,1294238579;129.127,55;0,001794078;EUR
Muster FFPB Pro Dividende;25.11.2025;0,0087258964;9.776,73;0,1392261554;138.904,28;0,008246353;EUR
Muster FFPB Pro Dividende;26.11.2025;0,0062956342;7.115,35;0,1463612614;146.019,63;0,007885467;EUR
Muster FFPB Pro Dividende;27.11.2025;0,0003058600;347,86;0,1467131863;146.367,49;0,001930107;EUR
Muster FFPB Pro Dividende;28.11.2025;0,0027731692;3.154,94;0,1498788799;149.522,44;0,002023502;EUR
Muster FFPB Pro Dividende;29.11.2025;0,0000009507;1,08;0,1498799671;149.523,52;0;EUR
Muster FFPB Pro Dividende;30.11.2025;0,0000009507;1,08;0,1498810543;149.524,61;0;EUR
Muster FFPB Pro Dividende;01.12.2025;-0,0044772363;-5.107,74;0,1447643000;144.416,87;-0,000513173;EUR
Muster FFPB Pro Dividende;02.12.2025;0,0017840764;2.026,21;0,1467985660;146.443,07;0,001439172;EUR
Muster FFPB Pro Dividende;03.12.2025;-0,0018154386;-2.065,50;0,1447311687;144.377,57;-0,003586100;EUR
Muster FFPB Pro Dividende;04.12.2025;-0,0017197567;-1.953,09;0,1427763527;142.424,48;0,008036135;EUR
Muster FFPB Pro Dividende;05.12.2025;-0,0052338622;-5.933,76;0,1368308443;136.490,72;-0,000996646;EUR
Muster FFPB Pro Dividende;06.12.2025;0,0000009617;1,08;0,1368319316;136.491,81;0;EUR
Muster FFPB Pro Dividende;07.12.2025;0,0000009617;1,08;0,1368330189;136.492,89;0;EUR
Muster FFPB Pro Dividende;08.12.2025;-0,0013741384;-1.549,74;0,1352822705;134.943,15;0,000271507;EUR
Muster FFPB Pro Dividende;09.12.2025;0,0014444843;1.626,84;0,1369160714;136.569,99;0,001708010;EUR
Muster FFPB Pro Dividende;10.12.2025;0,0031034294;3.500,26;0,1404281321;140.070,25;-0,002033079;EUR
Muster FFPB Pro Dividende;11.12.2025;0,0057740218;6.532,56;0,1469804211;146.602,81;0,005419094;EUR
Muster FFPB Pro Dividende;12.12.2025;-0,0025429623;-2.893,64;0,1440822859;143.709,17;-0,000789734;EUR
Muster FFPB Pro Dividende;13.12.2025;0,0000009781;1,11;0,1440833988;143.710,28;0;EUR
Muster FFPB Pro Dividende;14.12.2025;0,0000009781;1,11;0,1440845118;143.711,39;0;EUR
Muster FFPB Pro Dividende;15.12.2025;0,0069129201;7.846,24;0,1519542295;151.557,63;0,005802499;EUR
Muster FFPB Pro Dividende;16.12.2025;-0,0060742284;-6.941,98;0,1449970267;144.615,65;-0,006559773;EUR
Muster FFPB Pro Dividende;17.12.2025;0,0017328579;1.968,38;0,1469735598;146.584,03;0,002200270;EUR
Muster FFPB Pro Dividende;18.12.2025;0,0026562602;3.022,52;0,1500071108;149.606,55;0,002557753;EUR
Muster FFPB Pro Dividende;19.12.2025;0,0071323157;8.137,31;0,1581693493;157.743,85;0,003564168;EUR
Muster FFPB Pro Dividende;20.12.2025;0,0000009839;1,13;0,1581704828;157.744,98;0;EUR
Muster FFPB Pro Dividende;21.12.2025;0,0000009839;1,13;0,1581716164;157.746,11;0;EUR
Muster FFPB Pro Dividende;22.12.2025;0,0019353664;2.223,83;0,1604046093;159.969,94;0,001509773;EUR
Muster FFPB Pro Dividende;23.12.2025;0,0033090298;3.809,59;0,1642277709;163.779,53;0,000351725;EUR
Muster FFPB Pro Dividende;24.12.2025;0,0024812323;2.866,02;0,1671048944;166.645,55;0,002156829;EUR
Muster FFPB Pro Dividende;25.12.2025;0,0000068462;7,93;0,1671160817;166.653,47;0;EUR
Muster FFPB Pro Dividende;26.12.2025;-0,0002321647;-268,84;0,1668497113;166.384,64;0,000448928;EUR
Muster FFPB Pro Dividende;27.12.2025;0,0000010141;1,17;0,1668508886;166.385,81;0;EUR
Muster FFPB Pro Dividende;28.12.2025;0,0000010141;1,17;0,1668520660;166.386,99;0;EUR
Muster FFPB Pro Dividende;29.12.2025;-0,0004972054;-575,61;0,1662780290;165.811,38;-0,000323303;EUR
Muster FFPB Pro Dividende;30.12.2025;0,0027595929;3.193,16;0,1694833928;169.004,53;0,004687239;EUR
Muster FFPB Pro Dividende;31.12.2025;-0,0021430632;-2.486,61;0,1669928945;166.517,93;-0,001922624;EUR
Muster FFPB Pro Dividende;01.01.2026;-0,0002717704;-314,66;0,1666804635;166.203,27;0;EUR
Muster FFPB Pro Dividende;02.01.2026;0,0029674220;3.434,80;0,1701282978;169.638,07;0,008769561;EUR
Muster FFPB Pro Dividende;03.01.2026;0,0000010113;1,17;0,1701294752;169.639,24;0;EUR
Muster FFPB Pro Dividende;04.01.2026;0,0000010113;1,17;0,1701306526;169.640,42;0;EUR
Muster FFPB Pro Dividende;05.01.2026;0,0038081027;4.420,98;0,1745676427;174.061,40;0,004901542;EUR
Muster FFPB Pro Dividende;06.01.2026;0,0033463749;3.899,74;0,1784820064;177.961,13;0,004435394;EUR
Muster FFPB Pro Dividende;07.01.2026;-0,0045795425;-5.354,68;0,1731148194;172.606,45;-0,008019572;EUR
Muster FFPB Pro Dividende;08.01.2026;0,0033099115;3.852,43;0,1769818102;176.458,88;0,003955294;EUR
Muster FFPB Pro Dividende;09.01.2026;-0,0000497396;-58,08;0,1769267502;176.400,80;0,004014888;EUR
Muster FFPB Pro Dividende;10.01.2026;0,0000010054;1,17;0,1769279277;176.401,97;0;EUR
Muster FFPB Pro Dividende;11.01.2026;0,0000010054;1,17;0,1769291052;176.403,14;0;EUR
Muster FFPB Pro Dividende;12.01.2026;0,0019503011;2.277,37;0,1792164853;178.680,52;-0,000507445;EUR
Muster FFPB Pro Dividende;13.01.2026;-0,0020679830;-2.419,50;0,1767928818;176.261,02;-0,000043032;EUR
Muster FFPB Pro Dividende;14.01.2026;0,0074241061;8.668,10;0,1854904232;184.929,11;0,007075212;EUR
Muster FFPB Pro Dividende;15.01.2026;0,0031786974;3.738,88;0,1892439825;188.667,99;0,004135026;EUR
Muster FFPB Pro Dividende;16.01.2026;0,0004629284;546,24;0,1897952144;189.214,23;-0,000070941;EUR
Muster FFPB Pro Dividende;17.01.2026;0,0000009945;1,17;0,1897963920;189.215,40;0;EUR
Muster FFPB Pro Dividende;18.01.2026;0,0000009945;1,17;0,1897975696;189.216,58;0;EUR
Muster FFPB Pro Dividende;19.01.2026;-0,0056635042;-6.685,86;0,1830943665;182.530,72;-0,006886084;EUR
Muster FFPB Pro Dividende;20.01.2026;-0,0180761492;-21.218,34;0,1618133047;161.312,38;-0,011852007;EUR
Muster FFPB Pro Dividende;21.01.2026;0,0004891283;563,78;0,1623816224;161.876,15;0,002174199;EUR
Muster FFPB Pro Dividende;22.01.2026;0,0060203389;6.942,51;0,1693487057;168.818,66;0,008777182;EUR
Muster FFPB Pro Dividende;23.01.2026;-0,0049025550;-5.687,55;0,1636460822;163.131,12;-0,006011953;EUR
Muster FFPB Pro Dividende;24.01.2026;0,0000010170;1,17;0,1636472599;163.132,29;0;EUR
Muster FFPB Pro Dividende;25.01.2026;0,0000010170;1,17;0,1636484377;163.133,47;0;EUR
Muster FFPB Pro Dividende;26.01.2026;0,0043417848;5.012,30;0,1686794093;168.145,77;0,004237432;EUR
Muster FFPB Pro Dividende;27.01.2026;0,0017023614;1.973,80;0,1706623328;170.119,56;-0,000288786;EUR
Muster FFPB Pro Dividende;28.01.2026;-0,0016851213;-1.957,13;0,1687017694;168.162,43;0,003765728;EUR
Muster FFPB Pro Dividende;29.01.2026;0,0071472428;8.286,96;0,1770182420;176.449,39;0,001260175;EUR
Muster FFPB Pro Dividende;30.01.2026;0,0092627610;10.816,58;0,1878727928;187.265,97;0,003275846;EUR
Muster FFPB Pro Dividende;31.01.2026;0,0000012965;1,53;0,1878743258;187.267,50;0;EUR
Muster FFPB Pro Dividende;01.02.2026;0,0000012965;1,53;0,1878758588;187.269,03;0;EUR
Muster FFPB Pro Dividende;02.02.2026;0,0155337294;18.307,57;0,2062461338;205.576,60;0,008513346;EUR
Muster FFPB Pro Dividende;03.02.2026;-0,0021899981;-2.621,16;0,2036197554;202.955,45;0,009764618;EUR
Muster FFPB Pro Dividende;04.02.2026;0,0053870283;6.433,49;0,2100777020;209.388,93;0,009415478;EUR
Muster FFPB Pro Dividende;05.02.2026;-0,0070682874;-8.486,81;0,2015662145;200.902,12;-0,010400453;EUR
Muster FFPB Pro Dividende;06.02.2026;0,0107867511;12.859,99;0,2144721426;213.762,11;0,007969667;EUR
Muster FFPB Pro Dividende;07.02.2026;0,0000012680;1,53;0,2144736757;213.763,63;0;EUR
Muster FFPB Pro Dividende;08.02.2026;0,0000012680;1,53;0,2144752088;213.765,16;0;EUR
Muster FFPB Pro Dividende;09.02.2026;0,0005918314;713,20;0,2151941956;214.478,36;0,003410224;EUR
Muster FFPB Pro Dividende;10.02.2026;-0,0014613975;-1.762,12;0,2134295673;212.716,24;0,000426111;EUR
Muster FFPB Pro Dividende;11.02.2026;0,0037624462;4.530,05;0,2179782312;217.246,28;0,003031581;EUR
Muster FFPB Pro Dividende;12.02.2026;-0,0016811407;-2.015,92;0,2159648421;215.230,37;-0,005086004;EUR
Muster FFPB Pro Dividende;13.02.2026;-0,0068356900;-8.183,14;0,2077626874;207.047,22;-0,006560182;EUR
Muster FFPB Pro Dividende;14.02.2026;0,0000012852;1,53;0,2077642207;207.048,75;0;EUR
Muster FFPB Pro Dividende;15.02.2026;0,0000012852;1,53;0,2077657540;207.050,28;0;EUR
Muster FFPB Pro Dividende;16.02.2026;0,0023060531;2.741,76;0,2105259683;209.792,04;0,003058776;EUR
Muster FFPB Pro Dividende;17.02.2026;0,0035064245;4.178,54;0,2147282369;213.970,58;0,002506381;EUR
Muster FFPB Pro Dividende;18.02.2026;0,0076898555;9.196,00;0,2239662391;223.166,58;0,009316028;EUR
Muster FFPB Pro Dividende;19.02.2026;-0,0096022786;-11.571,29;0,2123623916;211.595,29;0,000028624;EUR
Muster FFPB Pro Dividende;20.02.2026;0,0076477745;9.127,51;0,2215322242;220.722,79;0,004885776;EUR
Muster FFPB Pro Dividende;21.02.2026;0,0000008954;1,08;0,2215333050;220.723,87;0;EUR
Muster FFPB Pro Dividende;22.02.2026;0,0000008954;1,08;0,2215343858;220.724,95;0;EUR
Muster FFPB Pro Dividende;23.02.2026;0,0033628014;4.044,16;0,2256027240;224.769,10;-0,000637347;EUR
Muster FFPB Pro Dividende;24.02.2026;0,0012283617;1.482,21;0,2270997962;226.251,32;-0,000141588;EUR
Muster FFPB Pro Dividende;25.02.2026;0,0104367252;12.609,04;0,2397659486;238.860,36;0,004947429;EUR
Muster FFPB Pro Dividende;26.02.2026;-0,0019325891;-2.359,21;0,2374074713;236.501,15;0,002720833;EUR
Muster FFPB Pro Dividende;27.02.2026;0,0008904798;1.084,95;0,2385062482;237.586,10;0,000182887;EUR
Muster FFPB Pro Dividende;28.02.2026;0,0000008830;1,08;0,2385073292;237.587,18;0;EUR
Muster FFPB Pro Dividende;01.03.2026;0,0000008830;1,08;0,2385084102;237.588,25;0;EUR
Muster FFPB Pro Dividende;02.03.2026;-0,0135232390;-16.491,30;0,2219621906;221.096,96;-0,008299547;EUR
Muster FFPB Pro Dividende;03.03.2026;-0,0248507354;-29.895,11;0,1919577827;191.201,85;-0,025514798;EUR
Muster FFPB Pro Dividende;04.03.2026;0,0121375370;14.238,45;0,2062607420;205.440,29;0,001385650;EUR
Muster FFPB Pro Dividende;05.03.2026;-0,0141136178;-16.757,53;0,1894438011;188.682,77;-0,006623941;EUR
Muster FFPB Pro Dividende;06.03.2026;-0,0111316126;-13.030,36;0,1763678331;175.652,40;-0,007580966;EUR
Muster FFPB Pro Dividende;07.03.2026;0,0000009303;1,08;0,1763689144;175.653,48;0;EUR
Muster FFPB Pro Dividende;08.03.2026;0,0000009303;1,08;0,1763699956;175.654,56;0;EUR
Muster FFPB Pro Dividende;09.03.2026;-0,0029191716;-3.379,07;0,1729839419;172.275,49;-0,009205803;EUR
Muster FFPB Pro Dividende;10.03.2026;0,0134638758;15.539,54;0,1885947382;187.815,03;0,015641803;EUR
Muster FFPB Pro Dividende;11.03.2026;-0,0075190631;-8.795,09;0,1797701088;179.019,94;0,001466813;EUR
Muster FFPB Pro Dividende;12.03.2026;-0,0066136469;-7.677,85;0,1720667211;171.342,09;-0,005479878;EUR
Muster FFPB Pro Dividende;13.03.2026;0,0053136461;6.127,87;0,1782273380;177.469,96;-0,000019470;EUR
Muster FFPB Pro Dividende;14.03.2026;0,0000009288;1,08;0,1782284194;177.471,04;0;EUR
Muster FFPB Pro Dividende;15.03.2026;0,0000009288;1,08;0,1782295008;177.472,11;0;EUR
Muster FFPB Pro Dividende;16.03.2026;0,0011194105;1.297,80;0,1795396884;178.769,92;-0,000069833;EUR
Muster FFPB Pro Dividende;17.03.2026;0,0072147459;8.373,87;0,1879567413;187.143,78;0,006382213;EUR
Muster FFPB Pro Dividende;18.03.2026;-0,0119780819;-14.002,78;0,1738996905;173.141,00;0,000950253;EUR
Muster FFPB Pro Dividende;19.03.2026;-0,0189619928;-21.901,69;0,1519077290;151.239,31;-0,022938367;EUR
Muster FFPB Pro Dividende;20.03.2026;-0,0144825672;-16.410,62;0,1354296331;134.828,69;-0,009118010;EUR
Muster FFPB Pro Dividende;21.03.2026;0,0000009643;1,08;0,1354307148;134.829,77;0;EUR
Muster FFPB Pro Dividende;22.03.2026;0,0000009643;1,08;0,1354317964;134.830,84;0;EUR
Muster FFPB Pro Dividende;23.03.2026;0,0088058893;9.833,72;0,1453147402;144.664,56;-0,001359783;EUR
Muster FFPB Pro Dividende;24.03.2026;0,0003057994;344,50;0,1456661660;145.009,06;0,005172655;EUR
Muster FFPB Pro Dividende;25.03.2026;0,0102238555;11.521,25;0,1572454017;156.530,32;0,014475371;EUR
Muster FFPB Pro Dividende;26.03.2026;-0,0055364636;-6.302,82;0,1509192981;150.227,49;-0,005303880;EUR
Muster FFPB Pro Dividende;27.03.2026;-0,0057029112;-6.456,37;0,1444384485;143.771,13;-0,005456696;EUR
Muster FFPB Pro Dividende;28.03.2026;0,0000021222;2,39;0,1444408484;143.773,52;0;EUR
Muster FFPB Pro Dividende;29.03.2026;0,0000021222;2,39;0,1444432483;143.775,91;0;EUR
Muster FFPB Pro Dividende;30.03.2026;0,0119272509;13.426,10;0,1579373738;157.202,00;0,008086732;EUR
Muster FFPB Pro Dividende;31.03.2026;0,0031621408;3.601,97;0,1615620006;160.803,97;0,002628480;EUR
Muster FFPB Pro Dividende;01.04.2026;0,0094621254;10.812,31;0,1724314494;171.616,29;0,017927010;EUR
Muster FFPB Pro Dividende;02.04.2026;0,0019305523;2.226,90;0,1746751448;173.843,19;0,000629736;EUR
Muster FFPB Pro Dividende;03.04.2026;0,0006430000;743,14;0,1754280451;174.586,33;0;EUR
Muster FFPB Pro Dividende;04.04.2026;0,0000020656;2,39;0,1754304455;174.588,72;0;EUR
Muster FFPB Pro Dividende;05.04.2026;0,0000020656;2,39;0,1754328458;174.591,11;0;EUR
Muster FFPB Pro Dividende;06.04.2026;-0,0008365658;-967,47;0,1744668502;173.623,63;0,001090661;EUR
Muster FFPB Pro Dividende;07.04.2026;-0,0049621166;-5.733,79;0,1687111179;167.889,84;-0,003883558;EUR
Muster FFPB Pro Dividende;08.04.2026;0,0175979902;20.233,81;0,1890504968;188.123,65;0,023827205;EUR
Muster FFPB Pro Dividende;09.04.2026;-0,0010980934;-1.284,78;0,1877658895;186.838,87;-0,002024283;EUR
Muster FFPB Pro Dividende;10.04.2026;-0,0068340383;-7.987,14;0,1797453193;178.851,73;-0,001391749;EUR
Muster FFPB Pro Dividende;11.04.2026;0,0000020580;2,39;0,1797477201;178.854,12;0;EUR
Muster FFPB Pro Dividende;12.04.2026;0,0000020580;2,39;0,1797501209;178.856,51;0;EUR
Muster FFPB Pro Dividende;13.04.2026;-0,0007992040;-927,67;0,1788239458;177.928,84;0,000029474;EUR
Muster FFPB Pro Dividende;14.04.2026;0,0000020597;2,39;0,1788324485;177.931,23;0;EUR
